id,name,created_at,updated_at
201,Shopin1901,2010-12-10,2011-12-04
202,Candisart,2009-05-30,2010-08-29
203,MiniatureBikez,2010-03-30,2013-01-21
204,LolaMarleys,2008-06-09,2015-04-16
205,Keckenbauer,2010-07-15,2012-07-25
206,perlesemoi,2009-03-21,2014-05-19
207,GoldenRayPress,2011-12-13,2012-04-16
208,jejum,2007-06-25,2015-09-09
209,Urcase17,2000-03-28,2006-03-25
210,BowlsByChris,2003-01-14,2005-03-11
211,MotankiDarena,2006-02-04,2016-02-01
212,TheLilPinkBowtique,2004-11-19,2014-01-17
213,DesignerEstore,2013-01-16,2014-02-17
214,SassyStrangeArt,2002-11-18,2007-10-09
215,byMarieinLondon,2009-01-18,2011-05-04
216,JUSTEmonsters,2009-12-25,2013-11-25
217,Uniford,2000-01-26,2002-01-19
218,thepurplepenshop,2008-12-20,2012-06-25
219,handicraftcallery,2002-03-30,2012-05-18
220,Madewithgitterxx,2000-09-22,2011-07-20
221,JacquieMann,2003-11-09,2013-01-12
222,TheHamAndRat,2011-10-09,2015-06-19
223,Lnjewelscreation,2002-01-10,2016-02-20
224,FlavienCouche,2001-06-24,2002-02-26
225,VectorCoast,2006-07-15,2007-12-05
226,BloominScents,2004-02-26,2012-08-03
227,GJGemology,2002-12-31,2006-06-26
228,MuttisStrickwaren,2006-08-01,2009-05-22
229,CottonBeeWraps,2006-04-03,2016-02-10
230,Snewzy,2015-10-25,2015-11-22
231,ElisabettaComotto,2005-05-19,2015-03-28
232,Hatsbybz,2002-10-24,2011-09-05
233,Princessfrankknits,2002-09-22,2010-01-25
234,WellnessNeelsen,2002-06-11,2011-12-10
235,GiftOfFelt,2010-03-23,2010-05-16
236,Corbeilwood,2003-05-06,2005-09-02
237,Woodenpenshop,2011-07-19,2014-06-04
238,esellermart,2008-03-14,2015-02-15
239,LunaGuatemala,2013-02-08,2013-08-30
240,FlyingLoaf,2001-03-07,2004-10-11
241,TeeTeeTieDye,2011-08-26,2013-02-01
242,TheAssemblyRooms,2015-02-21,2015-11-25
243,BrattyGirlGems,2014-01-18,2014-11-18
244,tmsDOM,2004-04-20,2009-08-04
245,MomsTshirts,2014-05-30,2016-02-25
246,justMstyle,2000-01-10,2003-01-24
247,CERAMICANDCO,2002-04-08,2015-06-05
248,outletEsteCeramiche,2010-05-21,2010-07-15
249,RedefinedArt84,2013-07-15,2014-05-06
250,ZazaBoutiqueShop,2010-10-17,2015-01-06
251,charlottewithlove,2011-02-20,2015-01-29
252,littledorisdesigns,2007-09-08,2011-11-07
253,SLHandmades,2000-04-02,2011-11-19
254,elkeyhandmade,2006-03-18,2008-09-11
255,Soudoveshop,2007-11-18,2010-04-23
256,dansoilpaintings,2001-11-25,2014-04-18
257,McGillsMetalAndArt,2000-03-24,2000-04-09
258,MMVinyl,2013-05-22,2013-10-20
259,wholesalergemstones,2001-03-09,2007-04-24
260,matthewbritts,2013-09-29,2013-10-01
261,MadFineJewelryLine,2001-04-19,2013-09-19
262,EkaterinaPa,2006-08-07,2015-10-11
263,WroughtiesCustomIron,2001-12-14,2002-04-10
264,fronishair,2013-01-19,2013-12-24
265,Natsweet2015,2007-11-05,2012-08-04
266,TheWoodchopDesign,2005-07-27,2011-06-27
267,ToThePoints,2016-01-11,2016-01-24
268,2MAKERSMARKET,2015-03-19,2015-04-09
269,homiehandmade,2006-10-31,2013-11-07
270,JewelrySpotByElaine,2004-02-21,2010-03-28
271,DizzyUnicornDesigns,2007-09-02,2010-11-13
272,WoodleyShop,2001-07-06,2003-03-16
273,PegAwayPegBoards,2010-02-14,2014-08-26
274,Jesuisunponey,2011-02-25,2011-11-10
275,BLAISEPANDORA,2000-10-10,2001-05-13
276,RRresale2016,2004-01-14,2010-10-25
277,Witoldart,2009-11-06,2016-02-23
278,IOleynikova,2012-12-30,2015-04-27
279,MyZinglet,2005-11-21,2014-11-14
280,Sikaf,2001-03-07,2013-11-30
281,MisisJuliBebe,2010-01-11,2011-09-24
282,leaburrot,2006-02-25,2013-05-28
283,kiDsGarMenT,2007-08-17,2008-02-07
284,EndlessCirclesHoops,2000-12-20,2007-05-27
285,ExecutiveGiftShoppe,2015-04-07,2015-11-10
286,TiffsOscPandora,2015-03-02,2015-06-10
287,isincerely88,2005-05-20,2008-01-05
288,FADIBEKA,2011-01-02,2015-11-08
289,Frockettoya,2014-02-01,2015-08-08
290,MaidichaToos,2012-03-02,2015-08-23
291,MyouBijou,2005-04-22,2012-02-22
292,CHALKLEYSWOODSHOP,2007-05-05,2009-06-21
293,Hollipoop,2012-12-25,2014-12-20
294,FrenchiezShop,2014-08-13,2015-06-26
295,DenesDoorDecor,2004-12-20,2015-06-23
296,OwlMuffs,2005-05-06,2014-09-27
297,AnnaWilsonArt,2003-01-31,2006-12-10
298,ElaineClausonArt,2001-12-09,2007-10-17
299,Madefromresin,2007-07-15,2014-04-11